Member,Predicted_Expense
user1,56666.66666666666
user10_fam5,721.0
user1_fam5,501.5000000000002
user2,9599.999999999998
user2_fam5,2232.5999999999995
user3_fam5,809.8000000000001
user4_fam5,1831.8999999999999
user5_fam5,30.66666666666697
user6_fam5,1341.2666666666667
user7_fam5,-24.999999999999886
user8_fam5,525.3000000000002
user9_fam5,1288.1999999999998
